Burness,Chad,485 Dottie Drive,cburness0@earthlink.net
O'Crevy,Duane,17760 Anniversary Terrace,docrevy1@chron.com
Chasemoore,Slade,9886 Atwood Hill,schasemoore2@ted.com
Harkin,Humberto,506 Brown Lane,hharkin3@redcross.org
Ainley,Jacenta,2 Kensington Terrace,jainley4@dedecms.com
Boise,Thayne,5 Sycamore Plaza,tboise5@unc.edu
Yarn,Indira,363 Sommers Pass,iyarn6@blog.com
Leigh,Sybila,2780 Longview Road,sleigh7@stumbleupon.com
Stradling,Fara,139 High Crossing Pass,fstradling8@techcrunch.com
Dowling,Raphael,0705 Forest Dale Avenue,rdowling9@wp.com
Hasser,Egbert,9251 Nevada Terrace,ehassera@parallels.com
Luetchford,Haleigh,3560 Milwaukee Center,hluetchfordb@addthis.com
Woodwing,Klara,7143 Hallows Park,kwoodwingc@virginia.edu
Swedeland,Dynah,9 Linden Park,dswedelandd@360.cn
Mulkerrins,Edvard,28 Nova Point,emulkerrinse@reverbnation.com
Schriren,Pavla,8 West Place,pschrirenf@jugem.jp
Coudray,Penni,4354 Mccormick Pass,pcoudrayg@ucoz.com
Leyson,Felecia,298 Lillian Court,fleysonh@addtoany.com
Stife,Pedro,8 Lotheville Way,pstifei@homestead.com
Mewrcik,Tamera,38408 Clove Junction,tmewrcikj@gravatar.com
Novill,Frederik,91 Vera Place,fnovillk@amazonaws.com
Learman,Judon,91 8th Alley,jlearmanl@nih.gov
Barratt,Kellyann,99 Farragut Trail,kbarrattm@unesco.org
Brame,Emilee,7 Sachs Point,ebramen@discuz.net
Gilbard,Elmira,649 Di Loreto Plaza,egilbardo@rambler.ru
Tammadge,Lazare,136 Caliangt Street,ltammadgep@indiegogo.com
Bucklee,Edmon,8334 Crescent Oaks Center,ebuckleeq@apache.org
Burchett,Nathanial,894 Dottie Drive,nburchettr@spotify.com
Roxbee,Ulrika,1544 2nd Alley,uroxbees@ebay.co.uk
Thomassen,Kakalina,9863 Valley Edge Court,kthomassent@techcrunch.com
Dalyell,Nanice,58 Eliot Lane,ndalyellu@acquirethisname.com
Wonfar,Shadow,87 Weeping Birch Avenue,swonfarv@springer.com
Farny,Matthew,039 Garrison Court,mfarnyw@cornell.edu
Heugh,Rolf,9 Oakridge Point,rheughx@engadget.com
Blas,Papagena,1809 Oak Terrace,pblasy@opera.com
Scain,Broderic,14 Montana Avenue,bscainz@merriam-webster.com
Presidey,Reinaldo,3906 Thompson Road,rpresidey10@icq.com
Lindegard,Anabelle,5 Karstens Terrace,alindegard11@pcworld.com
Lerven,Emlynne,4398 Rowland Hill,elerven12@studiopress.com
Cardenas,Karalee,589 Kingsford Point,kcardenas13@fotki.com
Brood,Ranna,362 Chive Way,rbrood14@foxnews.com
Shea,Ferrel,05447 Shelley Crossing,fshea15@creativecommons.org
Flatley,Retha,659 Hallows Center,rflatley16@bbc.co.uk
Dyhouse,Nicolea,1448 Barby Drive,ndyhouse17@imgur.com
Bryer,Gael,2205 Anniversary Terrace,gbryer18@alexa.com
Marginson,Vyky,8 Melby Circle,vmarginson19@csmonitor.com
Splaven,Isabeau,3207 Sutherland Point,isplaven1a@booking.com
Cosgry,Pet,77 David Hill,pcosgry1b@unc.edu
Hugueville,Morgan,90893 Ludington Center,mhugueville1c@goo.ne.jp
Grahame,Staffard,1814 Shopko Court,sgrahame1d@youtube.com
La Batie,Mose,2 Starling Park,mlabatie1e@ustream.tv
Inglis,Beverley,01 Bowman Place,binglis1f@cisco.com
Sheldon,Danit,69 Hanson Place,dsheldon1g@ftc.gov
Deas,Lemmie,5357 Fair Oaks Crossing,ldeas1h@bluehost.com
Barnaclough,Jameson,1983 Mockingbird Alley,jbarnaclough1i@wikimedia.org
Pegler,Gavan,367 Stoughton Hill,gpegler1j@parallels.com
Broodes,Anson,160 Menomonie Pass,abroodes1k@4shared.com
Benallack,Cecilia,7 Buhler Alley,cbenallack1l@msn.com
Rahlof,Angy,39 Bluestem Plaza,arahlof1m@scribd.com
Yellowlee,Pebrook,962 Towne Parkway,pyellowlee1n@forbes.com
Hemphall,Courtenay,439 Coolidge Court,chemphall1o@wikipedia.org
Stickler,Rodina,409 Coolidge Road,rstickler1p@accuweather.com
Hartness,Jasmina,9 Goodland Way,jhartness1q@toplist.cz
Vautrey,Nessi,8025 Thierer Plaza,nvautrey1r@seattletimes.com
Childs,Rebe,3 Columbus Way,rchilds1s@who.int
Langtree,Arleyne,03 Oakridge Hill,alangtree1t@surveymonkey.com
Paumier,Rory,1130 Shelley Plaza,rpaumier1u@shutterfly.com
Armin,Minni,34239 Elmside Lane,marmin1v@printfriendly.com
Keatch,Augusta,121 Lighthouse Bay Pass,akeatch1w@myspace.com
Scullion,Sonni,95313 Kingsford Avenue,sscullion1x@auda.org.au
Carvell,Dayle,717 Eastwood Alley,dcarvell1y@xrea.com
Treker,Lodovico,21 Havey Point,ltreker1z@blogspot.com
Kellett,Willem,775 Utah Alley,wkellett20@elegantthemes.com
Welland,Jed,52 Hoard Drive,jwelland21@jalbum.net
Stucksbury,Esther,3412 Fisk Way,estucksbury22@japanpost.jp
Pencost,Randy,38 Heath Park,rpencost23@furl.net
Howes,Bertram,54 Utah Lane,bhowes24@mashable.com
Sissland,Grayce,11 Del Mar Trail,gsissland25@elegantthemes.com
McKinty,Duff,6491 Oak Street,dmckinty26@typepad.com
Matoshin,Floyd,57923 Manitowish Crossing,fmatoshin27@nhs.uk
Langhorn,Homer,995 Montana Trail,hlanghorn28@yolasite.com
Spearman,Heida,00 Thompson Plaza,hspearman29@unicef.org
Aymer,Lolita,590 Fulton Road,laymer2a@t-online.de
Le Huquet,Marcy,97135 Gateway Alley,mlehuquet2b@mashable.com
Birchall,Shae,79537 Towne Terrace,sbirchall2c@wordpress.org
Rawlcliffe,Any,82717 Melvin Hill,arawlcliffe2d@youtu.be
Carles,Emmaline,11403 Marquette Pass,ecarles2e@illinois.edu
Joselovitch,Normie,0652 Buell Place,njoselovitch2f@toplist.cz
Neylan,Maggee,144 Atwood Place,mneylan2g@goo.ne.jp
Feasley,Ario,663 Hooker Place,afeasley2h@printfriendly.com
Pineaux,Becka,57369 Vidon Parkway,bpineaux2i@un.org
Motion,Caddric,79 5th Point,cmotion2j@un.org
Chaize,Anatole,285 Parkside Way,achaize2k@weibo.com
Eley,Demetris,6825 Buell Hill,deley2l@omniture.com
Maillard,Gerty,991 Delaware Pass,gmaillard2m@java.com
Grzegorek,Davon,81904 Texas Place,dgrzegorek2n@prweb.com
Klempke,Richart,36699 Division Plaza,rklempke2o@nature.com
Hefforde,Elmer,66700 Sherman Center,ehefforde2p@columbia.edu
Alan,Marlene,7019 Kipling Pass,malan2q@youtu.be
Crux,Agretha,1 Troy Way,acrux2r@moonfruit.com
Concklin,Giovanni,184 Karstens Crossing,gconcklin2s@blog.com
Biasioni,Mollee,0709 Pond Parkway,mbiasioni2t@amazon.co.jp
Farnill,Brana,2731 Schmedeman Hill,bfarnill2u@desdev.cn
Abberley,Cammi,4580 Moose Junction,cabberley2v@usgs.gov
Wiltshire,Kaiser,4 Dahle Road,kwiltshire2w@nps.gov
Kinnier,Britte,490 Moose Court,bkinnier2x@oaic.gov.au
Hellier,Elva,48 Mayer Terrace,ehellier2y@so-net.ne.jp
Seakes,Alfy,47078 Myrtle Lane,aseakes2z@vimeo.com
McNelly,Gaylor,76 Packers Park,gmcnelly30@ask.com
Pea,Padgett,77 Pine View Circle,ppea31@techcrunch.com
Kilmurry,Hannis,98458 Buena Vista Junction,hkilmurry32@hud.gov
Trowel,Shermy,6774 Bartelt Circle,strowel33@illinois.edu
Matteacci,Doralynne,9 Darwin Drive,dmatteacci34@shareasale.com
Lorenzetti,Lannie,05 Ramsey Court,llorenzetti35@ftc.gov
Lewsy,Euell,9 Meadow Ridge Alley,elewsy36@blog.com
Franken,Cherri,8 Delladonna Way,cfranken37@reference.com
Batham,Emilie,9 Northridge Way,ebatham38@nature.com
Samter,Hendrika,15 Stang Center,hsamter39@youtube.com
Matt,Malanie,0338 Superior Parkway,mmatt3a@1688.com
Soitoux,Kelby,4 Bay Junction,ksoitoux3b@adobe.com
Skittreal,Trista,437 Cambridge Parkway,tskittreal3c@list-manage.com
Brendish,Lindi,68 Brentwood Park,lbrendish3d@yahoo.co.jp
Jerzycowski,Normand,705 Sunbrook Drive,njerzycowski3e@pinterest.com
Sargerson,Tull,64338 Fallview Avenue,tsargerson3f@baidu.com
Starr,Lorraine,4593 Moulton Point,lstarr3g@apache.org
Agerskow,Rikki,0118 Burning Wood Place,ragerskow3h@go.com
Yarnton,Rufe,59802 Clove Circle,ryarnton3i@plala.or.jp
Hirsthouse,Gregorius,13 Armistice Avenue,ghirsthouse3j@java.com
McFadin,Leesa,43673 Mockingbird Court,lmcfadin3k@macromedia.com
Jonke,Godart,35554 Cody Avenue,gjonke3l@livejournal.com
Cloute,Romona,308 Troy Alley,rcloute3m@myspace.com
Ashborne,Erwin,3 Fairfield Center,eashborne3n@addthis.com
Spargo,Carmelle,9270 Hansons Terrace,cspargo3o@vimeo.com
Galland,Marcel,8 Crowley Court,mgalland3p@goo.ne.jp
Giaomozzo,Ellen,98 Columbus Avenue,egiaomozzo3q@php.net
Heinecke,Adriaens,3986 Haas Street,aheinecke3r@github.io
Foard,Darb,6183 Northport Road,dfoard3s@guardian.co.uk
Gladtbach,Annmarie,104 Morningstar Center,agladtbach3t@wisc.edu
Grayne,Victoria,64 Leroy Alley,vgrayne3u@amazon.de
Baiss,Estele,4816 Hanson Parkway,ebaiss3v@mac.com
Beynkn,Katuscha,119 Kingsford Street,kbeynkn3w@wsj.com
Campe,Starlin,680 Logan Hill,scampe3x@google.it
Bottjer,Sal,0 Calypso Drive,sbottjer3y@census.gov
Persey,Sondra,95958 Union Trail,spersey3z@indiatimes.com
Fiennes,Mitzi,1 Monterey Lane,mfiennes40@over-blog.com
Fayer,Preston,58334 Sage Drive,pfayer41@ft.com
Willoway,Demetrius,9568 Doe Crossing Trail,dwilloway42@tinypic.com
Rodden,Jourdan,73198 Monterey Pass,jrodden43@soundcloud.com
Mitham,Marga,52093 Thackeray Drive,mmitham44@auda.org.au
Gallico,Truman,513 Sachs Place,tgallico45@ameblo.jp
Wardesworth,Emilie,3855 Fairfield Street,ewardesworth46@bbc.co.uk
Posthill,Bambie,2853 Grover Hill,bposthill47@xinhuanet.com
McVeighty,Phillip,361 Gina Terrace,pmcveighty48@mysql.com
McIlwreath,Joanne,6704 Lotheville Hill,jmcilwreath49@nbcnews.com
Lighton,Arlen,40811 Loomis Terrace,alighton4a@google.it
Shakelady,Titos,45102 International Hill,tshakelady4b@usa.gov
Grisedale,Malachi,3096 Oneill Street,mgrisedale4c@howstuffworks.com
Wynes,Yoshi,6870 Morrow Center,ywynes4d@twitter.com
Diviney,Pippy,923 Dottie Trail,pdiviney4e@over-blog.com
Baughan,Simonette,10 Sullivan Circle,sbaughan4f@google.nl
Wardhough,Rebecka,399 Forster Hill,rwardhough4g@blogs.com
Frayn,Dorris,8 Oneill Lane,dfrayn4h@ehow.com
Kirkbride,Roxana,31 Scofield Lane,rkirkbride4i@businessweek.com
Earry,Boycie,36 Warbler Circle,bearry4j@msn.com
Jaques,Nickie,66644 Warbler Pass,njaques4k@jiathis.com
Foxten,Cassandry,03 Linden Parkway,cfoxten4l@blinklist.com
Coppins,Cecelia,98158 Pearson Alley,ccoppins4m@smugmug.com
Derl,Ev,254 Dapin Plaza,ederl4n@time.com
Bilton,Annamaria,42 Rieder Way,abilton4o@dailymail.co.uk
Biddleston,Harcourt,3 Rowland Center,hbiddleston4p@myspace.com
Whal,Pauly,72886 Sachs Plaza,pwhal4q@ucoz.com
Birrell,Ree,3458 Katie Road,rbirrell4r@cloudflare.com
Dumbellow,Carney,3 Morning Avenue,cdumbellow4s@adobe.com
Guidi,Kimmy,246 Pond Crossing,kguidi4t@seesaa.net
Baribal,Sharla,7698 Packers Court,sbaribal4u@plala.or.jp
Rosengart,Kirbie,8 Sugar Plaza,krosengart4v@lulu.com
Bagnold,Alexi,236 Independence Hill,abagnold4w@eepurl.com
Heare,Cari,534 Manitowish Center,cheare4x@google.fr
Kermitt,Jacky,9340 Spaight Road,jkermitt4y@ed.gov
Surman-Wells,Devinne,22197 Hazelcrest Court,dsurmanwells4z@angelfire.com
Byass,Rosie,58 Cascade Point,rbyass50@apache.org
Genn,Angelica,6 Haas Way,agenn51@tinyurl.com
Kinnon,Yettie,5418 Corben Alley,ykinnon52@plala.or.jp
Horsted,Biron,0 Trailsway Way,bhorsted53@reuters.com
Bow,Kit,9466 Dixon Avenue,kbow54@ted.com
Seamon,Amalita,35674 Sheridan Road,aseamon55@pen.io
Allabarton,Joanne,864 Del Sol Trail,jallabarton56@ameblo.jp
Ferebee,Laurice,91464 Northview Drive,lferebee57@delicious.com
Giroldo,Sibley,726 Express Lane,sgiroldo58@wikimedia.org
Pieracci,Jennie,19807 Cascade Pass,jpieracci59@google.pl
Hecks,Auberon,75 Boyd Center,ahecks5a@answers.com
Cordova,Rodrique,91836 Shelley Circle,rcordova5b@nymag.com
Raison,Ula,1103 Hermina Street,uraison5c@skype.com
Thurber,Ted,96 Brentwood Point,tthurber5d@sciencedaily.com
Arnal,Ibby,6036 Mccormick Court,iarnal5e@tiny.cc
Halls,Haydon,4 Lighthouse Bay Trail,hhalls5f@jigsy.com
Tallboy,Nealy,8098 Tomscot Drive,ntallboy5g@mapquest.com
Sabin,Malina,64661 Homewood Hill,msabin5h@hao123.com
Iveans,Roxana,3 Esch Way,riveans5i@qq.com
Gumary,Trula,9514 Dovetail Alley,tgumary5j@wordpress.org
Hackly,Garrett,27 Carioca Alley,ghackly5k@dot.gov
Farrin,Glad,7 Mosinee Park,gfarrin5l@tinypic.com
Callam,Cosmo,314 Buhler Park,ccallam5m@census.gov
Hedin,Audry,49408 Ohio Plaza,ahedin5n@smugmug.com
Manton,Millie,763 Brown Point,mmanton5o@wix.com
Loughlan,Ardith,3 Bunker Hill Parkway,aloughlan5p@cmu.edu
Veevers,Kelcie,938 Sunnyside Pass,kveevers5q@cafepress.com
Cormode,Verna,337 2nd Center,vcormode5r@nature.com
Pepye,Annis,4 Northport Street,apepye5s@whitehouse.gov
Marguerite,Hurley,14337 Vernon Trail,hmarguerite5t@umn.edu
Fried,Jerry,16888 Claremont Plaza,jfried5u@wikipedia.org
Osmant,Dalia,77 John Wall Road,dosmant5v@histats.com
Gadaud,Ralina,276 Helena Hill,rgadaud5w@sourceforge.net
Buzza,Laurie,12451 New Castle Hill,lbuzza5x@privacy.gov.au
Barfford,Jermaine,6 Heath Place,jbarfford5y@wired.com
Jonin,Tera,83 Paget Alley,tjonin5z@cpanel.net
Sykora,Renault,78674 Moose Street,rsykora60@ucla.edu
Kuzemka,Izzy,3 Badeau Lane,ikuzemka61@squidoo.com
Wallas,Ozzie,5499 Rusk Terrace,owallas62@tumblr.com
Cockerham,Christie,3 Upham Terrace,ccockerham63@hhs.gov
Rimour,Morley,2 Buhler Lane,mrimour64@state.tx.us
Jeger,Syd,89315 Amoth Pass,sjeger65@biglobe.ne.jp
Huniwall,Francisca,8410 Michigan Way,fhuniwall66@engadget.com
Watts,Vittorio,4594 Mallard Road,vwatts67@posterous.com
Norcutt,Stanley,38046 Bowman Lane,snorcutt68@fotki.com
Gaish,Stefanie,02 Grim Court,sgaish69@issuu.com
Miall,Nolly,047 Brown Avenue,nmiall6a@boston.com
Shird,Raimund,9501 Longview Drive,rshird6b@java.com
Petegrew,Elsa,31 Banding Junction,epetegrew6c@unblog.fr
O'Rourke,Salomon,10748 Pearson Street,sorourke6d@google.ca
Bru,Veriee,22535 Judy Place,vbru6e@rakuten.co.jp
Gourdon,Martyn,86 Buena Vista Place,mgourdon6f@ocn.ne.jp
Keddle,Heath,825 Hayes Parkway,hkeddle6g@marriott.com
Petken,Teriann,6 Dunning Drive,tpetken6h@github.io
Crotch,Isa,208 Longview Circle,icrotch6i@bizjournals.com
Eich,Cobbie,9 Kedzie Road,ceich6j@bloglovin.com
Spindler,Berti,06 Michigan Center,bspindler6k@hao123.com
Woolam,Rhodie,279 Calypso Center,rwoolam6l@de.vu
Pietroni,Tedmund,5 Oriole Way,tpietroni6m@cnbc.com
Gabites,Giovanni,7 Toban Circle,ggabites6n@live.com
Stebbings,Lawrence,90 Tennessee Point,lstebbings6o@dyndns.org
Belsham,Steward,57428 Coleman Lane,sbelsham6p@whitehouse.gov
Vosper,Andromache,016 Marquette Pass,avosper6q@un.org
Polleye,Gunther,6 Moulton Alley,gpolleye6r@aol.com
Monday,Nichol,7 Golf Park,nmonday6s@hexun.com
Vanyatin,Lawton,1033 Victoria Terrace,lvanyatin6t@free.fr
Towell,Genvieve,8 Mccormick Trail,gtowell6u@nature.com
Woolens,Madlen,82416 Coleman Junction,mwoolens6v@youtu.be
Ortega,Nicolle,86 Commercial Point,nortega6w@opensource.org
Gambie,Ced,40 Oriole Trail,cgambie6x@ucoz.ru
Heading,Nickie,9842 Debra Avenue,nheading6y@washingtonpost.com
Dannett,Maris,9147 Lakewood Place,mdannett6z@loc.gov
Batham,Giacinta,0 Lukken Trail,gbatham70@salon.com
Giacobelli,Stillmann,57 Anderson Place,sgiacobelli71@apple.com
Barz,Beryle,9271 Gulseth Trail,bbarz72@samsung.com
Burroughes,Phylys,4619 Grayhawk Center,pburroughes73@wikipedia.org
Sneesby,Annice,889 Service Drive,asneesby74@wired.com
Romain,Kliment,5639 Shasta Terrace,kromain75@dedecms.com
Breydin,Gregorius,2 Hooker Street,gbreydin76@dailymotion.com
Stiell,Hillie,40 Merchant Crossing,hstiell77@scribd.com
Bardnam,Tansy,8251 Village Crossing,tbardnam78@g.co
Kingshott,Tynan,1 Corry Avenue,tkingshott79@uiuc.edu
Starmore,Briant,54103 Claremont Way,bstarmore7a@cpanel.net
Hedgecock,Osbert,71929 Fairfield Street,ohedgecock7b@squarespace.com
Lynds,Abel,167 High Crossing Crossing,alynds7c@samsung.com
Littleover,Gardie,8 Sherman Pass,glittleover7d@java.com
Malam,Akim,0 Hayes Center,amalam7e@surveymonkey.com
Kohlerman,Alexis,0 Larry Lane,akohlerman7f@topsy.com
Muehle,Alfred,17666 Manitowish Terrace,amuehle7g@eventbrite.com
Curman,Douglas,92 Sunbrook Trail,dcurman7h@ucla.edu
Kwiek,Rhetta,16 Mifflin Crossing,rkwiek7i@fotki.com
Naper,Kylie,3 Gulseth Pass,knaper7j@ucoz.com
Docket,Rorke,0 Sugar Avenue,rdocket7k@usgs.gov
Causby,Sabina,624 Briar Crest Pass,scausby7l@de.vu
Corser,Arlen,92 Chive Pass,acorser7m@mail.ru
Kane,Elga,82035 Carberry Road,ekane7n@usgs.gov
Copcutt,Olympe,2324 Morning Avenue,ocopcutt7o@about.me
Jacobs,Antonetta,128 Mosinee Drive,ajacobs7p@xinhuanet.com
Djurkovic,Harbert,1452 Rutledge Road,hdjurkovic7q@cbsnews.com
Pennycuick,Drusy,611 Lien Crossing,dpennycuick7r@baidu.com
Charlet,Mischa,24 Warrior Lane,mcharlet7s@shop-pro.jp
Alchin,Caressa,7911 Kipling Road,calchin7t@latimes.com
Bleue,Silvain,5036 Sauthoff Drive,sbleue7u@usnews.com
Shuttleworth,Perice,41951 Pine View Parkway,pshuttleworth7v@cnet.com
Stambridge,Hermia,8 Kropf Point,hstambridge7w@mysql.com
Pengelly,Angelita,2 Canary Parkway,apengelly7x@unicef.org
Baldick,Myrlene,70 Ilene Way,mbaldick7y@wired.com
Cassella,Jarred,70696 Montana Terrace,jcassella7z@soundcloud.com
Hazell,Corinna,1950 3rd Way,chazell80@ihg.com
Bradburne,Hale,740 Talisman Crossing,hbradburne81@sakura.ne.jp
Verheijden,Georgy,0883 Holmberg Point,gverheijden82@constantcontact.com
Scartifield,Fredericka,0 Kingsford Place,fscartifield83@edublogs.org
Brake,Panchito,62990 Superior Avenue,pbrake84@cdbaby.com
Rainer,Micky,614 Chinook Point,mrainer85@state.tx.us
Glassup,Salvatore,82 Graceland Street,sglassup86@weebly.com
Skirrow,Heath,6 Tennyson Place,hskirrow87@tiny.cc
Peterson,Lonee,8 Carpenter Terrace,lpeterson88@elegantthemes.com
Nimmo,Sidoney,5 Toban Drive,snimmo89@ning.com
Cinavas,Israel,43 Sommers Circle,icinavas8a@reference.com
Ruddy,Jeane,9 Lawn Lane,jruddy8b@ebay.co.uk
Olney,Angelo,536 Graedel Place,aolney8c@reuters.com
Somersett,Madonna,43535 Darwin Crossing,msomersett8d@shareasale.com
Seddon,Germayne,42 Norway Maple Court,gseddon8e@storify.com
Pursehouse,Uriah,281 Crownhardt Trail,upursehouse8f@loc.gov
Spreckley,Mathilda,70331 Mayfield Trail,mspreckley8g@slashdot.org
McLugish,Doe,47 Hollow Ridge Circle,dmclugish8h@technorati.com
Liversedge,Valera,4720 Ridge Oak Terrace,vliversedge8i@themeforest.net
Ech,Tomlin,1179 Sommers Avenue,tech8j@accuweather.com
Vasichev,Xavier,8710 Leroy Junction,xvasichev8k@printfriendly.com
Buddell,Martita,2295 Macpherson Avenue,mbuddell8l@skype.com
De Freyne,Yovonnda,17 Susan Drive,ydefreyne8m@arstechnica.com
Ferronier,Bay,93060 Westend Hill,bferronier8n@bandcamp.com
Wyldish,Zared,29 Briar Crest Court,zwyldish8o@dmoz.org
Lockwood,Cyrillus,03213 Carberry Pass,clockwood8p@prlog.org
Pinckney,Bertina,64686 Ohio Pass,bpinckney8q@cnn.com
MacPhee,Carolan,32 Valley Edge Pass,cmacphee8r@nsw.gov.au
Matsell,Arny,5 Kenwood Plaza,amatsell8s@cbc.ca
Muncie,Aeriel,4071 Beilfuss Street,amuncie8t@sitemeter.com
Greeve,Halette,95125 Superior Junction,hgreeve8u@rediff.com
MacSharry,Zaria,232 Shoshone Alley,zmacsharry8v@google.cn
Lowle,Carin,39295 Merchant Junction,clowle8w@homestead.com
Cardwell,Brenden,6142 Continental Road,bcardwell8x@indiatimes.com
McNee,Rafferty,9031 La Follette Park,rmcnee8y@google.ca
Gofford,Arri,581 Hoard Terrace,agofford8z@acquirethisname.com
Parzizek,Saunder,8194 Golden Leaf Junction,sparzizek90@cloudflare.com
Goodison,Salomon,12301 Anthes Trail,sgoodison91@yahoo.com
Beccera,Jacqui,4731 Acker Pass,jbeccera92@unblog.fr
Kliement,Kelsey,79 Corry Avenue,kkliement93@wsj.com
Feaks,Kandy,67 Dahle Terrace,kfeaks94@networkadvertising.org
Blackler,Thedrick,877 Norway Maple Circle,tblackler95@ucla.edu
Giacomini,Marwin,61 Badeau Court,mgiacomini96@xrea.com
Squibb,Mariele,48 Thackeray Drive,msquibb97@goo.gl
Doull,Gwenette,04469 Claremont Lane,gdoull98@smh.com.au
Exley,Nellie,298 Kings Plaza,nexley99@list-manage.com
Carr,Marji,0 Annamark Drive,mcarr9a@jugem.jp
McClounan,Julietta,50 Anniversary Road,jmcclounan9b@merriam-webster.com
Dugald,Fleming,0327 Hoard Parkway,fdugald9c@wunderground.com
Ledstone,William,81950 Maple Way,wledstone9d@ow.ly
Coltman,Cammy,209 Mifflin Hill,ccoltman9e@dion.ne.jp
Ledwidge,Lamar,14 Fordem Center,lledwidge9f@wikimedia.org
Holworth,Idaline,03 International Terrace,iholworth9g@infoseek.co.jp
Stickells,Jordan,076 Talmadge Alley,jstickells9h@ameblo.jp
Cran,Marti,84761 Red Cloud Drive,mcran9i@amazon.co.jp
Windridge,Joellyn,64 Havey Center,jwindridge9j@forbes.com
Fried,Karia,29957 Memorial Place,kfried9k@mac.com
Vooght,Darby,35905 1st Crossing,dvooght9l@yellowpages.com
Newnham,Linzy,03 Warrior Crossing,lnewnham9m@gov.uk
Forsdicke,Denys,2898 Muir Trail,dforsdicke9n@fotki.com
Gutridge,Dorothea,11510 Corben Place,dgutridge9o@nba.com
McKie,Cassie,6 Basil Court,cmckie9p@ed.gov
Jablonski,Gretal,8061 Linden Lane,gjablonski9q@baidu.com
Broschke,Rozalie,705 Sunfield Lane,rbroschke9r@webs.com
Danielczyk,Rusty,238 Boyd Point,rdanielczyk9s@netscape.com
Crepel,Rhonda,308 Fieldstone Lane,rcrepel9t@drupal.org
Burless,Dalila,1742 Meadow Valley Parkway,dburless9u@sciencedirect.com
Swain,Robbin,4 Buhler Place,rswain9v@yahoo.com
Kik,Jarib,71 John Wall Point,jkik9w@webnode.com
O'Finan,Dona,6 Tennyson Crossing,dofinan9x@epa.gov
Darrigrand,Anya,602 Elmside Crossing,adarrigrand9y@vinaora.com
Rucklesse,Forbes,360 7th Way,frucklesse9z@ycombinator.com
Claessens,Donn,4756 Autumn Leaf Terrace,dclaessensa0@latimes.com
Greenset,Sharon,81 Katie Place,sgreenseta1@google.nl
Dressell,Crystie,8 Lunder Point,cdressella2@free.fr
Waggitt,Renault,0051 Monica Plaza,rwaggitta3@google.fr
Handman,Basile,3774 Ludington Parkway,bhandmana4@tamu.edu
O'Shesnan,Iain,1731 Independence Point,ioshesnana5@washington.edu
Smorfit,Ludovika,92577 Gerald Park,lsmorfita6@unc.edu
Patience,Nolie,62526 Arrowood Place,npatiencea7@over-blog.com
Claw,Anny,26 Chinook Avenue,aclawa8@naver.com
Arro,Gertrude,716 Marquette Way,garroa9@nationalgeographic.com
Crigin,Natty,00025 Green Ridge Alley,ncriginaa@marriott.com
Perrie,Alfonso,8 Dahle Point,aperrieab@arizona.edu
Massie,Beau,10445 Mccormick Street,bmassieac@wp.com
Goulter,Dee dee,6219 Granby Court,dgoulterad@spiegel.de
Elie,Riccardo,3 Fallview Terrace,relieae@stanford.edu
Schmidt,Yetta,78 1st Hill,yschmidtaf@vistaprint.com
Hoodless,Dodi,12512 La Follette Park,dhoodlessag@bloomberg.com
Lambol,Florry,9495 Eliot Plaza,flambolah@dyndns.org
Brando,Sabine,33 Spohn Street,sbrandoai@yandex.ru
Hammerton,Milly,12 Esch Crossing,mhammertonaj@tmall.com
Gaffey,Jamill,77 Hoffman Trail,jgaffeyak@newsvine.com
Mackley,Prissie,582 Service Trail,pmackleyal@addtoany.com
Ditt,Forrest,38 Morrow Court,fdittam@wordpress.org
Pitkaithly,Siegfried,063 Monument Circle,spitkaithlyan@kickstarter.com
Louche,Husein,03 Pearson Plaza,hloucheao@odnoklassniki.ru
Fundell,Ardelis,840 Granby Parkway,afundellap@tinypic.com
Esmead,Crissie,4931 Nobel Junction,cesmeadaq@bandcamp.com
Gorman,Jed,22755 Oxford Point,jgormanar@redcross.org
Tomet,Cissiee,0 Hoepker Trail,ctometas@purevolume.com
Bahlmann,Sauncho,444 Hauk Street,sbahlmannat@php.net
Nicholson,Geordie,843 Menomonie Terrace,gnicholsonau@homestead.com
Ackenhead,Frasquito,11737 Eastwood Circle,fackenheadav@vinaora.com
Kausche,Elisa,6185 Haas Way,ekauscheaw@miibeian.gov.cn
Klehyn,Else,30 Logan Junction,eklehynax@photobucket.com
Densey,Jefferson,3 Hudson Junction,jdenseyay@hostgator.com
Lambert-Ciorwyn,Margarette,266 Algoma Park,mlambertciorwynaz@booking.com
Buckles,Pippy,054 Eastwood Point,pbucklesb0@adobe.com
Axel,Mariel,971 Sugar Drive,maxelb1@123-reg.co.uk
Sewart,Ellwood,7667 North Crossing,esewartb2@vimeo.com
Soltan,Alex,8 Nelson Way,asoltanb3@youtu.be
Romand,Kelbee,1 Arizona Hill,kromandb4@cpanel.net
Guymer,Randie,8 Fisk Way,rguymerb5@imdb.com
Parkins,Anson,7 Kensington Trail,aparkinsb6@wunderground.com
Mockett,Gilbert,2 Hintze Road,gmockettb7@moonfruit.com
Hazelgrove,Ernesto,7680 High Crossing Court,ehazelgroveb8@diigo.com
Isakov,Stephie,31 Oriole Street,sisakovb9@kickstarter.com
Chupin,Tamarra,1178 3rd Alley,tchupinba@ebay.com
Burch,Julieta,7559 Maple Wood Crossing,jburchbb@un.org
Slateford,Cosme,2 Ilene Hill,cslatefordbc@skype.com
Derill,Lewiss,37898 Scofield Road,lderillbd@people.com.cn
Rivenzon,Hunt,21 Melby Parkway,hrivenzonbe@cargocollective.com
Aitchinson,Rowan,69 Monument Plaza,raitchinsonbf@sciencedirect.com
Lockier,Darsey,21750 Crowley Drive,dlockierbg@shareasale.com
Jackes,Anna,68044 School Street,ajackesbh@cnbc.com
Heimann,Lyle,85 Anthes Center,lheimannbi@tamu.edu
McGaughie,Janka,7723 Crowley Drive,jmcgaughiebj@indiegogo.com
Leil,Frasco,20407 Randy Trail,fleilbk@gizmodo.com
McCadden,Iosep,507 Carey Junction,imccaddenbl@imdb.com
Trussell,Vania,98 Birchwood Point,vtrussellbm@opera.com
Dishman,Haven,7503 Manley Court,hdishmanbn@wufoo.com
Canner,Arlee,2990 Fairview Lane,acannerbo@t-online.de
Pikesley,Esra,4010 Russell Avenue,epikesleybp@bbb.org
Gateley,Windham,1880 Maryland Trail,wgateleybq@163.com
Gotmann,Osbert,6818 Thierer Point,ogotmannbr@amazon.de
Itscowicz,Nadia,647 Kinsman Avenue,nitscowiczbs@deviantart.com
McWhan,Laetitia,646 Brickson Park Terrace,lmcwhanbt@bravesites.com
Pinner,Way,936 Oak Center,wpinnerbu@unc.edu
Lamkin,Dennie,0 Clyde Gallagher Plaza,dlamkinbv@discovery.com
McCoid,Gibb,50 Moland Hill,gmccoidbw@go.com
Abbs,Brit,8219 Old Shore Pass,babbsbx@cyberchimps.com
Leere,Anthia,8 Huxley Point,aleereby@parallels.com
Maken,Myca,85 Fairfield Place,mmakenbz@goo.gl
Franciotti,Verney,45895 Buhler Court,vfranciottic0@netscape.com
Heazel,Adelice,67 Dorton Center,aheazelc1@time.com
Caunt,Lorry,1 West Street,lcauntc2@delicious.com
Mehaffey,Jess,2 Fisk Plaza,jmehaffeyc3@npr.org
Mochan,Sheelah,461 Rusk Circle,smochanc4@google.com
Ferreres,Heath,476 Forest Run Drive,hferreresc5@europa.eu
Lawday,Stace,0821 Carioca Drive,slawdayc6@slideshare.net
Ramalho,Rubia,8 Maple Wood Drive,rramalhoc7@aboutads.info
Dullard,Sal,2557 Ryan Terrace,sdullardc8@cocolog-nifty.com
McArt,Karel,1197 Morningstar Way,kmcartc9@wikia.com
Fidilis,Tremain,9740 Green Alley,tfidilisca@bing.com
Le Ball,Tasia,01948 Stuart Street,tleballcb@yahoo.com
Hinrich,Gustavus,2 Mandrake Pass,ghinrichcc@disqus.com
Poston,Alister,164 Monument Avenue,apostoncd@posterous.com
Perllman,Mayor,683 Forster Court,mperllmance@jugem.jp
Jewes,Sigismund,59 Maple Wood Road,sjewescf@seesaa.net
Chezelle,Vallie,1 Northfield Lane,vchezellecg@cnet.com
Orrell,Pernell,1145 Grim Junction,porrellch@princeton.edu
Maillard,Viole,37260 Grasskamp Center,vmaillardci@newyorker.com
Ronchetti,Cortney,66425 Thierer Lane,cronchetticj@europa.eu
Alner,Murray,9 Mcguire Alley,malnerck@berkeley.edu
VanBrugh,Glynnis,789 Acker Center,gvanbrughcl@dion.ne.jp
Cannings,Lizbeth,8945 Alpine Pass,lcanningscm@comsenz.com
Tomasicchio,Avie,22 Mitchell Lane,atomasicchiocn@slideshare.net
Emanuel,Gabbey,5 Waubesa Terrace,gemanuelco@myspace.com
Amoss,Loretta,0961 Lighthouse Bay Drive,lamosscp@abc.net.au
Ellson,Merrielle,58826 Amoth Center,mellsoncq@slashdot.org
Cundey,Joanna,682 Stang Parkway,jcundeycr@addthis.com
Yersin,Tamqrah,5 Dayton Avenue,tyersincs@netscape.com
Blanden,Guglielma,8 Old Gate Street,gblandenct@zimbio.com
Rollett,Anthea,97 Morningstar Park,arollettcu@wix.com
Wilmott,Ellene,99 Village Green Center,ewilmottcv@yelp.com
Sarrell,Clovis,2513 Lawn Parkway,csarrellcw@exblog.jp
Vickar,Claudianus,92938 Blackbird Hill,cvickarcx@dion.ne.jp
Lydden,Clarine,5519 Northview Park,clyddency@twitter.com
McElhargy,Derrik,5260 Cambridge Trail,dmcelhargycz@europa.eu
Mixer,Nigel,7236 Portage Hill,nmixerd0@youku.com
Pilbury,Ahmed,8341 Michigan Lane,apilburyd1@pen.io
Guillot,Donny,6 Carioca Circle,dguillotd2@mlb.com
Mewis,Monro,70 Village Way,mmewisd3@weibo.com
Spellessy,Constancy,3624 Kensington Crossing,cspellessyd4@ca.gov
Priddey,Stanley,59 Bartillon Avenue,spriddeyd5@rambler.ru
Huntar,Ivar,3552 Ilene Way,ihuntard6@blogger.com
Hobell,Maire,98212 Michigan Drive,mhobelld7@umn.edu
O'Connel,Dorian,45 Harper Street,doconneld8@businessinsider.com
Anstee,Karlan,17131 Dunning Avenue,kansteed9@prweb.com
Tremethack,Susanna,91 Acker Park,stremethackda@cafepress.com
Sturgeon,Reilly,8063 Pond Trail,rsturgeondb@amazonaws.com
Betjes,Phil,2814 Vidon Terrace,pbetjesdc@bandcamp.com
Sleney,Maryellen,6 Spaight Point,msleneydd@ucsd.edu
Rue,Dennet,84854 Huxley Street,druede@yelp.com
Kolin,Julietta,0016 West Trail,jkolindf@com.com
Reburn,Marion,76021 Carey Road,mreburndg@umn.edu
Batchelor,Abdul,741 Hovde Crossing,abatchelordh@friendfeed.com
Niblock,Toby,6 Stoughton Drive,tniblockdi@photobucket.com
Torel,Jo-ann,30 Golf Avenue,jtoreldj@vkontakte.ru
Rean,Cristine,32 Vahlen Junction,creandk@businesswire.com
Dorkins,Nathanial,1 Sutherland Crossing,ndorkinsdl@homestead.com
MacGibbon,Mari,3128 Raven Drive,mmacgibbondm@walmart.com
Crease,Genevra,68 Lakewood Alley,gcreasedn@google.nl
Blacklock,Danya,1275 Colorado Trail,dblacklockdo@home.pl
Ortiga,Valina,30679 Walton Park,vortigadp@edublogs.org
Drayson,Valenka,588 Sullivan Hill,vdraysondq@desdev.cn
Shew,Jessie,45031 Susan Pass,jshewdr@thetimes.co.uk
O'Crigane,Mable,2 Novick Park,mocriganeds@nasa.gov
O'Mahoney,Eula,834 Lunder Trail,eomahoneydt@angelfire.com
Roycroft,Emlyn,7 Hudson Lane,eroycroftdu@fotki.com
Hurren,Merle,33 Petterle Place,mhurrendv@netlog.com
Bridger,Averill,63633 Bonner Drive,abridgerdw@surveymonkey.com
Veck,Garik,39 Spaight Junction,gveckdx@naver.com
Mebius,Flory,11075 Village Green Trail,fmebiusdy@youtu.be
Simnor,Joane,610 Shelley Lane,jsimnordz@issuu.com
Rout,Bartlet,68 Oak Street,broute0@netscape.com
Trainer,Kippar,02 Carpenter Place,ktrainere1@seesaa.net
Scarbarrow,Clarinda,3 Texas Trail,cscarbarrowe2@squidoo.com
Conklin,Alard,5 Maple Wood Point,aconkline3@shareasale.com
Baccus,Etta,1694 Cody Center,ebaccuse4@hostgator.com
Crawshay,Kristos,05951 Esker Terrace,kcrawshaye5@homestead.com
McOrkill,Fleurette,35708 Briar Crest Street,fmcorkille6@booking.com
Sarll,Arleen,81083 Glendale Drive,asarlle7@purevolume.com
Wimpey,Bryan,8 Ryan Drive,bwimpeye8@discovery.com
Wagen,Bibbie,7 Stephen Drive,bwagene9@phpbb.com
MacHostie,Rosamond,18420 Northport Parkway,rmachostieea@sohu.com
Byart,Louie,02 Kingsford Park,lbyarteb@shutterfly.com
Antonutti,Nikita,12948 Mallard Park,nantonuttiec@geocities.jp
Spooner,Leslie,8 Bayside Street,lspoonered@1und1.de
Handrek,Clarinda,47 Orin Trail,chandrekee@hexun.com
Relph,Gilberta,76 Mifflin Plaza,grelphef@oracle.com
Meadows,Vanni,39516 Michigan Hill,vmeadowseg@uol.com.br
Atkirk,Elisabet,9 Southridge Junction,eatkirkeh@umich.edu
Tinker,Reinaldos,83186 Village Green Hill,rtinkerei@wix.com
Bottle,Ricard,210 Monument Terrace,rbottleej@spotify.com
Mushrow,Carroll,73897 Warbler Parkway,cmushrowek@hubpages.com
Callum,Damian,95 Drewry Street,dcallumel@netscape.com
Ibotson,Krissy,4425 Mockingbird Park,kibotsonem@discuz.net
Rousel,Claudina,6 Duke Junction,crouselen@ucsd.edu
Dandison,Jeniffer,40862 Sullivan Drive,jdandisoneo@yellowpages.com
Van der Velden,Josias,1 Spohn Crossing,jvanderveldenep@washingtonpost.com
Haslock,Bette,8 North Plaza,bhaslockeq@hostgator.com
Dalley,Ewell,78 Center Terrace,edalleyer@phpbb.com
Cowwell,Lexi,36 Mockingbird Point,lcowwelles@vk.com
Nowaczyk,Jenna,01774 Maywood Junction,jnowaczyket@last.fm
Covill,Burton,733 Buena Vista Crossing,bcovilleu@hubpages.com
Van der Krui,Ashby,67 Briar Crest Parkway,avanderkruiev@craigslist.org
Mahaffey,Hansiain,50 Mockingbird Place,hmahaffeyew@ustream.tv
Peterffy,Joella,3 Corry Alley,jpeterffyex@gov.uk
Yeskov,Georgena,557 Stuart Junction,gyeskovey@smh.com.au
Dyett,Maximo,85066 Transport Alley,mdyettez@google.fr
Elacoate,Jessie,9976 Maryland Way,jelacoatef0@bravesites.com
Whybray,Ginelle,0 Rusk Parkway,gwhybrayf1@last.fm
Champ,Bartholemy,31 Holmberg Terrace,bchampf2@list-manage.com
Rummery,Mair,05304 Cottonwood Place,mrummeryf3@imdb.com
Risbridge,Bertrando,26264 Grim Junction,brisbridgef4@homestead.com
Blatchford,Hephzibah,98307 High Crossing Lane,hblatchfordf5@photobucket.com
Perelli,Manfred,632 Novick Drive,mperellif6@1688.com
Glassford,Becca,72568 Clove Lane,bglassfordf7@ameblo.jp
Whapples,Drusie,7 Mifflin Crossing,dwhapplesf8@techcrunch.com
Jefferies,Katerine,20 Everett Lane,kjefferiesf9@census.gov
Martell,Sander,220 Loomis Place,smartellfa@list-manage.com
Gaynesford,Serene,48843 Kings Trail,sgaynesfordfb@networksolutions.com
Leathers,Lowe,49559 Spenser Avenue,lleathersfc@canalblog.com
Smallbone,Elsi,29065 Nevada Circle,esmallbonefd@uol.com.br
McGiven,Sonnie,3 Emmet Terrace,smcgivenfe@admin.ch
Billborough,Susann,5861 Kim Circle,sbillboroughff@ustream.tv
Wyant,Eartha,93017 Northport Street,ewyantfg@amazon.co.jp
Perrelli,Vincents,1567 Homewood Parkway,vperrellifh@cbc.ca
Dennehy,Carter,59682 Southridge Point,cdennehyfi@adobe.com
MacKim,Dahlia,0373 Judy Circle,dmackimfj@yolasite.com
Anniwell,Abramo,1166 Susan Terrace,aanniwellfk@mlb.com
Sawley,Tisha,793 Vera Court,tsawleyfl@rambler.ru
Ply,Livvyy,235 Hudson Trail,lplyfm@topsy.com
Pellatt,Tyson,48 Lakewood Gardens Drive,tpellattfn@bloglines.com
Lidgely,Anetta,6 Milwaukee Center,alidgelyfo@naver.com
Babar,Savina,65937 Bowman Trail,sbabarfp@epa.gov
Benjefield,Rafferty,7325 Sugar Circle,rbenjefieldfq@netlog.com
Scrancher,Clary,6 Bay Way,cscrancherfr@taobao.com
Clabburn,Charmaine,7303 Cambridge Hill,cclabburnfs@comsenz.com
Rosie,Vinson,32339 Laurel Avenue,vrosieft@hp.com
Goodin,Kingsley,33723 Cody Alley,kgoodinfu@fc2.com
Curwen,Lin,4711 Memorial Plaza,lcurwenfv@phpbb.com
Probate,Nobe,709 Ryan Court,nprobatefw@who.int
Boow,Latia,148 Schlimgen Point,lboowfx@a8.net
Geeraert,Sara-ann,93120 Mifflin Center,sgeeraertfy@howstuffworks.com
Fick,Bord,906 Comanche Crossing,bfickfz@github.io
Genge,Jameson,90 Northridge Parkway,jgengeg0@123-reg.co.uk
Cancellario,Simonne,43 Paget Avenue,scancellariog1@squarespace.com
Loffel,Allyn,5 Columbus Junction,aloffelg2@e-recht24.de
Leaves,Toma,780 Fallview Lane,tleavesg3@wp.com
Baribal,Tommy,841 Caliangt Trail,tbaribalg4@ftc.gov
Berthomier,Shay,02 Buell Crossing,sberthomierg5@freewebs.com
Illesley,Loise,24 Glacier Hill Parkway,lillesleyg6@desdev.cn
Tunna,Elden,824 Shelley Pass,etunnag7@dropbox.com
Halvosen,Philip,29346 Spohn Hill,phalvoseng8@histats.com
Canniffe,Lorrayne,7 Schmedeman Terrace,lcanniffeg9@qq.com
O'Sherin,Corrie,23 Stone Corner Drive,cosheringa@dailymotion.com
Hansberry,Eberhard,73261 Maple Wood Circle,ehansberrygb@rediff.com
Wichard,Rori,91 Bonner Crossing,rwichardgc@sakura.ne.jp
Georgiev,Rad,46840 New Castle Circle,rgeorgievgd@mapquest.com
Coggill,Kassia,994 Merrick Park,kcoggillge@mozilla.org
Flaunier,Kathy,386 Jay Parkway,kflauniergf@youtu.be
Grote,Madonna,27 Westend Avenue,mgrotegg@feedburner.com
McPhail,Devan,57529 Boyd Way,dmcphailgh@wunderground.com
McLauchlin,Calli,83 International Point,cmclauchlingi@shareasale.com
Shovel,Jami,490 Esch Trail,jshovelgj@va.gov
Romi,Valentia,56877 Monica Point,vromigk@noaa.gov
Ralton,Leisha,28 High Crossing Point,lraltongl@tinyurl.com
Lammerding,Adria,131 Bayside Point,alammerdinggm@google.nl
Allone,Shanan,734 Service Plaza,sallonegn@alibaba.com
Wyche,Lucille,24671 Continental Circle,lwychego@indiegogo.com
Ringham,Collie,2909 Little Fleur Pass,cringhamgp@europa.eu
Pargetter,Adair,70 Michigan Point,apargettergq@plala.or.jp
Brusle,Bret,524 Vera Plaza,bbruslegr@themeforest.net
Tapping,Malinda,3 Bonner Hill,mtappinggs@mayoclinic.com
Mallall,Bartholemy,545 Twin Pines Way,bmallallgt@ihg.com
Pollard,Sheelah,9 Summer Ridge Terrace,spollardgu@prweb.com
Peasegood,Vanna,0859 Arrowood Crossing,vpeasegoodgv@addtoany.com
Ply,Kiel,95186 Superior Place,kplygw@trellian.com
Jelleman,Mella,269 Manufacturers Parkway,mjellemangx@tripod.com
Shillum,Eba,47 Blaine Center,eshillumgy@newsvine.com
Wardhough,Sumner,9472 Karstens Hill,swardhoughgz@moonfruit.com
Filpo,Eve,45 La Follette Hill,efilpoh0@gov.uk
Ericsson,Fran,78217 Canary Terrace,fericssonh1@tripod.com
Theis,Dorisa,526 Sommers Court,dtheish2@pbs.org
Roderham,Jeanie,6 Oak Junction,jroderhamh3@instagram.com
Hancell,Milissent,328 Mitchell Trail,mhancellh4@zimbio.com
Whale,Claretta,6725 Pepper Wood Parkway,cwhaleh5@unc.edu
Petr,Noam,178 Morrow Point,npetrh6@illinois.edu
Wackett,Esteban,0 Moland Park,ewacketth7@nifty.com
Trathen,Misti,6 Kenwood Crossing,mtrathenh8@microsoft.com
Cork,Audi,0 Spenser Park,acorkh9@free.fr
Howford,Regan,5 Farragut Center,rhowfordha@webs.com
Tann,Giulietta,92900 Kenwood Point,gtannhb@npr.org
Gunther,Vinny,377 Grayhawk Avenue,vguntherhc@hao123.com
Hawe,Leeanne,8273 Banding Point,lhawehd@google.ca
Wagstaffe,Gabrila,5754 Jay Point,gwagstaffehe@unesco.org
Hambidge,Jules,703 Kropf Drive,jhambidgehf@istockphoto.com
Greenside,Amber,8 Rusk Avenue,agreensidehg@goo.ne.jp
Allington,Helen,22773 Forster Avenue,hallingtonhh@feedburner.com
Huddles,Milzie,1 Sutherland Terrace,mhuddleshi@icio.us
Ruppertz,Dorry,7 Michigan Terrace,druppertzhj@reddit.com
Dispencer,Angeli,772 Kings Trail,adispencerhk@g.co
Cockayne,Amye,2445 Debs Road,acockaynehl@newsvine.com
Brislen,My,52022 Kennedy Circle,mbrislenhm@buzzfeed.com
Carvill,Nollie,55435 Kropf Lane,ncarvillhn@meetup.com
Gorger,Robbie,563 Michigan Alley,rgorgerho@about.com
Mathwen,Karee,355 Express Trail,kmathwenhp@amazon.co.uk
Clixby,Gonzalo,67039 Longview Pass,gclixbyhq@flickr.com
Litt,D'arcy,3994 Jenifer Pass,dlitthr@mediafire.com
Wenn,Salvidor,28173 Fair Oaks Plaza,swennhs@yellowpages.com
Greenhill,Boony,06 Buhler Way,bgreenhillht@artisteer.com
Drynan,Mead,87265 Arizona Court,mdrynanhu@chron.com
Band,Percy,46 Melrose Terrace,pbandhv@amazon.de
Challicombe,Aurel,86034 School Alley,achallicombehw@over-blog.com
Louch,Avis,98036 Maple Wood Pass,alouchhx@springer.com
MacTeague,Redford,53 Del Sol Drive,rmacteaguehy@answers.com
Medway,Somerset,0088 Anzinger Parkway,smedwayhz@shutterfly.com
Sandal,Layney,485 Quincy Center,lsandali0@constantcontact.com
Trank,Dicky,8232 Birchwood Way,dtranki1@weather.com
McArtan,Bianka,8649 Stang Plaza,bmcartani2@drupal.org
Beddard,Deane,27 Bonner Circle,dbeddardi3@hatena.ne.jp
Gentile,Syd,74 Pleasure Trail,sgentilei4@jalbum.net
Spencock,Tania,5 Hansons Crossing,tspencocki5@github.io
Padden,Zolly,1 Hudson Junction,zpaddeni6@meetup.com
Redfield,Hadrian,44019 Vernon Junction,hredfieldi7@ovh.net
Chalcraft,Liv,2874 Surrey Junction,lchalcrafti8@army.mil
Whenman,Hedda,768 Rowland Point,hwhenmani9@thetimes.co.uk
Staterfield,Mead,16 Mallard Avenue,mstaterfieldia@etsy.com
McDougald,Bondon,38 Holmberg Drive,bmcdougaldib@seattletimes.com
Littleover,Issiah,9 Trailsway Road,ilittleoveric@archive.org
Carrabott,Mandy,4 Schurz Road,mcarrabottid@apache.org
Denizet,Lucky,787 Birchwood Crossing,ldenizetie@mlb.com
Anderer,Kellby,4 Carpenter Center,kandererif@google.cn
Craxford,Malina,4 Manufacturers Lane,mcraxfordig@mediafire.com
Reddie,Wright,5 Golf Road,wreddieih@tripadvisor.com
Cregin,Grete,4 East Parkway,gcreginii@diigo.com
Cluatt,Ynez,561 Thompson Way,ycluattij@boston.com
Faas,Lacie,355 Schlimgen Park,lfaasik@ebay.com
Tidmas,Norina,657 Scott Avenue,ntidmasil@bing.com
Treffry,Golda,59445 Mendota Alley,gtreffryim@businesswire.com
Hellens,Keenan,88 East Terrace,khellensin@themeforest.net
Schofield,Harmonia,00801 Arrowood Road,hschofieldio@live.com
Ince,Marget,641 Sachs Lane,minceip@hhs.gov
Minico,Dorie,32968 Sloan Parkway,dminicoiq@pcworld.com
Sponton,Rosalyn,87126 Shoshone Road,rspontonir@slate.com
Castles,Dorene,306 Ilene Park,dcastlesis@exblog.jp
Trussler,Lin,31 Milwaukee Crossing,ltrusslerit@github.com
Killen,Rafferty,410 Hovde Center,rkilleniu@ustream.tv
Loudyan,Tarrance,81 Hollow Ridge Parkway,tloudyaniv@yolasite.com
Flatley,Felicia,3465 Hayes Avenue,fflatleyiw@epa.gov
Reedshaw,Axel,6450 Sunfield Circle,areedshawix@china.com.cn
Cato,Sonya,8 Valley Edge Point,scatoiy@youtu.be
Osgood,Kip,57452 Arrowood Pass,kosgoodiz@infoseek.co.jp
Ranyell,Ashby,49 Green Ridge Center,aranyellj0@alibaba.com
Ellingsworth,Dedra,295 Maple Wood Terrace,dellingsworthj1@bloglines.com
Mathen,Janean,6 Jackson Trail,jmathenj2@theguardian.com
Siddele,Priscilla,65 Myrtle Street,psiddelej3@github.io
Maysor,Oswell,63044 Swallow Avenue,omaysorj4@reuters.com
Davidzon,Vernon,23386 Cordelia Plaza,vdavidzonj5@pagesperso-orange.fr
Peek,Waite,6820 Fair Oaks Place,wpeekj6@dailymail.co.uk
Burry,Immanuel,227 Dixon Junction,iburryj7@blogspot.com
Flipsen,Milicent,176 Village Green Plaza,mflipsenj8@ehow.com
Geal,Miller,17751 Clyde Gallagher Alley,mgealj9@etsy.com
Hamel,Alonso,5 Corben Point,ahamelja@123-reg.co.uk
Mouland,Madelyn,6 Kensington Court,mmoulandjb@nba.com
Kennham,Ninnette,041 Coolidge Way,nkennhamjc@miibeian.gov.cn
Bianco,Harald,9657 Sunfield Alley,hbiancojd@umn.edu
Ply,Jaime,7 Dapin Parkway,jplyje@yahoo.com
Mazzeo,Hans,96565 Dryden Drive,hmazzeojf@multiply.com
Welman,Fayre,73 Bonner Point,fwelmanjg@paypal.com
Lippard,Abigael,2749 Colorado Circle,alippardjh@aboutads.info
McNally,Letisha,77 Manufacturers Center,lmcnallyji@squidoo.com
Rainsden,Nessie,59581 1st Circle,nrainsdenjj@elegantthemes.com
Tasker,Jemmy,79 Grayhawk Place,jtaskerjk@nature.com
Maase,Meade,90 Merchant Lane,mmaasejl@netlog.com
McCleverty,Petronella,0 Clove Avenue,pmcclevertyjm@latimes.com
Mate,Karlee,140 Lawn Park,kmatejn@sciencedaily.com
Guerreiro,Cheston,5 Sunbrook Parkway,cguerreirojo@lycos.com
Fidock,Abigale,101 Longview Street,afidockjp@shinystat.com
Alldre,Zonnya,5000 Esker Park,zalldrejq@cnn.com
Chatto,Royal,5 Golf Center,rchattojr@alexa.com
Vargas,Lazar,658 Kingsford Lane,lvargasjs@google.cn
Struthers,Carroll,76321 Bay Court,cstruthersjt@cdc.gov
Pagelsen,Cissiee,65429 Elka Alley,cpagelsenju@webs.com
Creeghan,Timofei,89 Clove Parkway,tcreeghanjv@deviantart.com
Morter,Jennine,715 Monica Hill,jmorterjw@themeforest.net
Fishly,Eugenio,4419 Oriole Junction,efishlyjx@seattletimes.com
Sallenger,Kippy,8160 Jana Street,ksallengerjy@elpais.com
Knibley,Ted,49 Thierer Plaza,tknibleyjz@meetup.com
O'Coskerry,Ardelle,2 Calypso Court,aocoskerryk0@squarespace.com
Bastide,Abeu,8 Arapahoe Trail,abastidek1@quantcast.com
Steckings,Fredek,19 Service Junction,fsteckingsk2@twitter.com
Cockrell,Dillon,13623 Blaine Center,dcockrellk3@engadget.com
Broxton,Rosemonde,35 Westend Court,rbroxtonk4@theguardian.com
Sefton,Kareem,82578 Kedzie Terrace,kseftonk5@diigo.com
Vittet,Ari,37085 Dorton Junction,avittetk6@theguardian.com
Howles,Abby,892 Morrow Circle,ahowlesk7@skyrock.com
Moakes,Cynde,8 John Wall Point,cmoakesk8@fema.gov
Laister,Xever,8026 Miller Crossing,xlaisterk9@chicagotribune.com
Nickolls,Ludovico,17 Stone Corner Drive,lnickollska@usa.gov
Gerry,Jackquelin,223 Katie Trail,jgerrykb@samsung.com
Le Jean,Casandra,66 Summerview Drive,clejeankc@github.io
Dufty,Lynnea,0309 Claremont Park,lduftykd@cargocollective.com
Seamons,Stevie,27 Summerview Crossing,sseamonske@google.pl
Valentin,Hilliary,30203 Lukken Point,hvalentinkf@devhub.com
Dikle,Gabriela,46371 Maple Trail,gdiklekg@shinystat.com
Habard,Gaylor,7 Lotheville Avenue,ghabardkh@edublogs.org
Lobley,Twyla,80 Claremont Way,tlobleyki@telegraph.co.uk
Deller,Wilow,1914 Reindahl Plaza,wdellerkj@homestead.com
Vearncombe,Gaelan,3709 Bay Alley,gvearncombekk@google.es
Ubsdell,Gino,02223 Hauk Park,gubsdellkl@reverbnation.com
Girvan,Klarrisa,98 Rowland Alley,kgirvankm@bloomberg.com
Alti,Dannie,1441 Crowley Plaza,daltikn@wordpress.org
Bucknall,Georas,7 Declaration Place,gbucknallko@moonfruit.com
Pelman,Oates,07 Declaration Street,opelmankp@yolasite.com
Debow,Gertruda,68 Debra Parkway,gdebowkq@google.it
Demeter,Filberte,923 Nelson Way,fdemeterkr@miibeian.gov.cn
Crasswell,Sharlene,75268 Kedzie Road,scrasswellks@state.tx.us
Messom,Bord,0 Heath Road,bmessomkt@eepurl.com
Canero,Hobey,967 Northland Street,hcaneroku@domainmarket.com
McGeown,Livia,66140 Ramsey Pass,lmcgeownkv@weebly.com
Pinching,Merissa,3079 Cottonwood Circle,mpinchingkw@histats.com
Foulgham,Allan,5622 Blackbird Terrace,afoulghamkx@typepad.com
Lenormand,Ewell,31 Sheridan Way,elenormandky@slideshare.net
Johnke,Otis,6 Union Parkway,ojohnkekz@digg.com
Jovey,Merrile,21426 Meadow Vale Plaza,mjoveyl0@engadget.com
Grzeskowski,Ginger,30359 Iowa Lane,ggrzeskowskil1@yellowbook.com
Proven,Maribel,2132 Raven Junction,mprovenl2@walmart.com
Bustin,Jania,07441 Ridgeway Parkway,jbustinl3@wikispaces.com
Lankham,Meggy,57 Scofield Plaza,mlankhaml4@addthis.com
Stratton,Hercules,7462 Rieder Pass,hstrattonl5@stanford.edu
Flann,Terrijo,57888 Karstens Drive,tflannl6@fotki.com
Palmar,Martyn,76 Roth Parkway,mpalmarl7@blogtalkradio.com
Adelsberg,Una,88 Russell Way,uadelsbergl8@wufoo.com
Ludgate,Ezri,1548 Paget Parkway,eludgatel9@alibaba.com
Vaux,Nappy,674 Montana Road,nvauxla@odnoklassniki.ru
Leneham,Maxine,2 Packers Parkway,mlenehamlb@biblegateway.com
Dagnall,Milty,89 Eagle Crest Trail,mdagnalllc@so-net.ne.jp
Worters,Lorrin,3 Trailsway Junction,lwortersld@arizona.edu
Wilne,Lindon,268 Rutledge Center,lwilnele@harvard.edu
Dmitrievski,Rey,181 Carpenter Center,rdmitrievskilf@biglobe.ne.jp
Struss,Grantley,322 Gerald Point,gstrusslg@naver.com
Meighan,Thurston,42477 Schurz Road,tmeighanlh@chronoengine.com
Bellingham,Frazier,3311 Milwaukee Junction,fbellinghamli@about.me
Cleobury,Brit,746 Del Mar Drive,bcleoburylj@theguardian.com
Terrelly,Lanie,3575 Green Ridge Plaza,lterrellylk@state.tx.us
Le Prevost,Richmound,341 Autumn Leaf Trail,rleprevostll@zimbio.com
Duran,Kerr,576 Sloan Avenue,kduranlm@amazonaws.com
Bromage,Paul,0 Longview Court,pbromageln@earthlink.net
Sunners,Avril,50 Pankratz Terrace,asunnerslo@kickstarter.com
Halling,Normand,9 Graedel Place,nhallinglp@cloudflare.com
Hickeringill,Carlynn,8 Hudson Street,chickeringilllq@bravesites.com
Hindshaw,Reggie,434 David Center,rhindshawlr@mapy.cz
Hasson,Sully,0816 Park Meadow Drive,shassonls@state.tx.us
Fripps,Cleopatra,6 Troy Circle,cfrippslt@mayoclinic.com
Franklyn,Doloritas,11 Twin Pines Center,dfranklynlu@arizona.edu
Cofax,Say,9303 Rusk Trail,scofaxlv@blogger.com
Southey,Chancey,7211 Ruskin Plaza,csoutheylw@nymag.com
Diloway,Joye,935 Union Pass,jdilowaylx@msu.edu
Machon,Fabiano,9 Corry Junction,fmachonly@google.co.uk
Lapsley,Ivette,27936 Hauk Circle,ilapsleylz@meetup.com
Ekkel,Chane,45 Cambridge Junction,cekkelm0@merriam-webster.com
Twelftree,Abbie,81 Steensland Road,atwelftreem1@omniture.com
Satyford,Maxine,35376 Esch Center,msatyfordm2@admin.ch
Ebbins,Bettye,61552 Mccormick Pass,bebbinsm3@accuweather.com
Wrintmore,Nickola,8 Donald Place,nwrintmorem4@macromedia.com
Dils,Dick,00 Troy Pass,ddilsm5@bloomberg.com
Callow,Lesley,6615 Columbus Drive,lcallowm6@hatena.ne.jp
Kimpton,Lenard,34451 Harbort Road,lkimptonm7@cpanel.net
Licciardello,Randolf,813 Lillian Road,rlicciardellom8@go.com
Laingmaid,Nelle,756 Village Green Park,nlaingmaidm9@devhub.com
Fletcher,Cal,1 Kropf Street,cfletcherma@state.tx.us
Hadland,Sapphire,11770 Dottie Lane,shadlandmb@biglobe.ne.jp
Oxbrow,Goldia,830 Marquette Junction,goxbrowmc@nytimes.com
Toffanini,Corilla,1 Gateway Street,ctoffaninimd@flavors.me
Spawell,Rolph,04533 Meadow Vale Circle,rspawellme@kickstarter.com
Gallear,Vikky,532 International Street,vgallearmf@harvard.edu
Elsom,Claribel,00 Lerdahl Crossing,celsommg@lycos.com
Nutman,Ella,11255 Summit Way,enutmanmh@163.com
Riddlesden,Cal,47833 Sloan Parkway,criddlesdenmi@google.ca
Drivers,Marlin,67 Hazelcrest Park,mdriversmj@ftc.gov
Gianetti,Dorelia,4337 Hollow Ridge Place,dgianettimk@ibm.com
Eastcott,Esther,02 Mesta Street,eeastcottml@ucoz.com
Grey,Cristabel,48 Paget Lane,cgreymm@wsj.com
Trynor,Gerhard,4 Corry Terrace,gtrynormn@cisco.com
Premble,Collie,8 Hovde Circle,cpremblemo@uol.com.br
McGunley,Lishe,9425 Golden Leaf Court,lmcgunleymp@gnu.org
Giannoni,Rollins,98 Westport Trail,rgiannonimq@g.co
Crisall,Christen,5 Lake View Pass,ccrisallmr@is.gd
Wenman,Grethel,9 Pankratz Center,gwenmanms@ameblo.jp
Klauber,Kirbee,1 Sullivan Park,kklaubermt@eventbrite.com
Bratt,Honor,766 Mockingbird Point,hbrattmu@intel.com
Birrel,Marv,58578 Weeping Birch Avenue,mbirrelmv@hhs.gov
Ourry,Davie,694 Katie Circle,dourrymw@stanford.edu
Andrzejak,Patrizius,2836 Old Shore Court,pandrzejakmx@wunderground.com
Mangeon,Jeremy,2 Moulton Center,jmangeonmy@squidoo.com
Witling,Cliff,9 Amoth Place,cwitlingmz@earthlink.net
Deacon,Leshia,3 Katie Trail,ldeaconn0@shareasale.com
Castaignet,Roxy,4055 Shasta Plaza,rcastaignetn1@seesaa.net
Linacre,Ofella,3 Ridgeview Parkway,olinacren2@nymag.com
Willoughway,Livvyy,903 Michigan Plaza,lwilloughwayn3@hp.com
Schiementz,Agnella,046 Carey Terrace,aschiementzn4@nbcnews.com
Francillo,Aleta,87704 Blackbird Center,afrancillon5@sciencedirect.com
Pleasance,Alan,6656 Schiller Park,apleasancen6@indiatimes.com
L'Archer,Swen,337 Clemons Place,slarchern7@imdb.com
Messingham,Redd,12831 3rd Park,rmessinghamn8@oracle.com
Valti,Ynez,90 Surrey Street,yvaltin9@mysql.com
McEvon,Layla,5 Coleman Parkway,lmcevonna@wufoo.com
Atrill,Sue,1 Shelley Point,satrillnb@msu.edu
Trahair,Aggie,19753 Morningstar Terrace,atrahairnc@vkontakte.ru
Kording,Gianina,6 Troy Terrace,gkordingnd@tmall.com
Dene,Rochester,89 Village Green Street,rdenene@gizmodo.com
Blight,Leonerd,9237 Acker Park,lblightnf@illinois.edu
Ballach,Thurstan,53579 Ruskin Circle,tballachng@virginia.edu
Longstreet,Candra,22 Glacier Hill Avenue,clongstreetnh@ft.com
Maiden,Diane,25 Tomscot Parkway,dmaidenni@narod.ru
Rowlett,Krishna,305 Larry Terrace,krowlettnj@facebook.com
Deboo,Louis,35 Shoshone Point,ldeboonk@topsy.com
Lamyman,Vincenz,1 Dayton Street,vlamymannl@dailymotion.com
Kitchinham,Georgeanne,58896 Pearson Circle,gkitchinhamnm@weebly.com
Warstall,Kimberlee,0 Raven Terrace,kwarstallnn@parallels.com
Algar,Dacey,34 Anniversary Drive,dalgarno@gov.uk
Locksley,Adolf,067 Gale Street,alocksleynp@icq.com
Fibben,Heidi,3 Emmet Alley,hfibbennq@dagondesign.com
Partlett,Horatia,6805 Porter Park,hpartlettnr@mapy.cz
Quenell,Betteanne,07639 Hauk Road,bquenellns@nydailynews.com
Orbine,Gabrielle,50751 Nelson Plaza,gorbinent@blinklist.com
Maass,Rudolfo,333 Grasskamp Parkway,rmaassnu@ibm.com
Jeanel,Terence,11303 Declaration Avenue,tjeanelnv@examiner.com
Pruckner,Kathlin,07079 Crest Line Court,kprucknernw@reference.com
Wanley,Uri,7993 Meadow Valley Pass,uwanleynx@marketwatch.com
Clemow,Myrlene,923 Welch Court,mclemowny@google.com.br
MacIlwrick,Shelby,1992 Merrick Crossing,smacilwricknz@edublogs.org
Walkling,Franky,6 3rd Junction,fwalklingo0@phpbb.com
Lummis,Christie,50529 Jay Center,clummiso1@pcworld.com
Baglow,Reinaldos,4 Dovetail Trail,rbaglowo2@sbwire.com
McCooke,Tudor,68693 Red Cloud Hill,tmccookeo3@mysql.com
Semken,Darleen,0 Vera Crossing,dsemkeno4@linkedin.com
Orsman,Costanza,1326 Saint Paul Place,corsmano5@fema.gov
Lemon,Jaime,527 Summit Terrace,jlemono6@spiegel.de
Livingston,Celestine,910 Monterey Court,clivingstono7@blogtalkradio.com
Brogiotti,Malena,444 Waubesa Alley,mbrogiottio8@studiopress.com
Kubacek,Gwenore,24 4th Circle,gkubaceko9@163.com
Ferreira,Dawn,2 Forest Run Junction,dferreiraoa@tamu.edu
Witheridge,Minette,260 Menomonie Parkway,mwitheridgeob@stumbleupon.com
de Werk,Misha,413 Hollow Ridge Parkway,mdewerkoc@so-net.ne.jp
Pherps,Lonnard,71 Butterfield Crossing,lpherpsod@telegraph.co.uk
Birden,Gracie,11134 Erie Point,gbirdenoe@netvibes.com
Lapthorn,Thia,16 Kensington Road,tlapthornof@google.de
Pitone,Hymie,36 Randy Way,hpitoneog@spotify.com
Obbard,Dominique,9 Stone Corner Court,dobbardoh@nyu.edu
Glasby,Meredith,133 Kenwood Circle,mglasbyoi@live.com
De Blase,Ruperta,21392 Golf Crossing,rdeblaseoj@mit.edu
Concannon,Dyna,3615 Jana Lane,dconcannonok@printfriendly.com
Ayto,Felisha,6 Thackeray Court,faytool@hao123.com
Saffran,Cherin,701 Acker Center,csaffranom@delicious.com
Maskell,Darby,9100 Superior Road,dmaskellon@amazon.co.jp
Tully,Mirabella,846 Novick Park,mtullyoo@usgs.gov
Ciani,Deck,62 Caliangt Hill,dcianiop@bigcartel.com
Fleis,Catlee,62 Fairfield Drive,cfleisoq@odnoklassniki.ru
Bushel,Trumann,4027 Mitchell Hill,tbushelor@ucoz.com
Eliasen,Lloyd,89065 Weeping Birch Way,leliasenos@ehow.com
Treece,Susanetta,80 Fallview Point,streeceot@ameblo.jp
Ovid,Spike,603 Artisan Drive,sovidou@ca.gov
Ullrich,Nissie,1726 Southridge Trail,nullrichov@dion.ne.jp
Elham,Melony,4 Merrick Trail,melhamow@mapquest.com
Bedbury,Cecil,7559 Eggendart Trail,cbedburyox@boston.com
Waplinton,Dora,2500 Butterfield Plaza,dwaplintonoy@cpanel.net
Honig,Giuseppe,72499 Almo Trail,ghonigoz@ibm.com
Bresland,Layton,89162 Melvin Place,lbreslandp0@flavors.me
Fleay,Meryl,4 Loomis Road,mfleayp1@pen.io
Hubner,Krystyna,3 Burrows Street,khubnerp2@goo.ne.jp
Jendrusch,Iolanthe,2958 Loftsgordon Court,ijendruschp3@hexun.com
Scutter,Frederic,3 Grasskamp Trail,fscutterp4@vimeo.com
Gallymore,Roland,94 Sycamore Way,rgallymorep5@photobucket.com
Duffet,Tandy,3 Dapin Trail,tduffetp6@sohu.com
Bagot,Smith,3 Nova Hill,sbagotp7@arstechnica.com
Joret,Estella,67235 Spohn Road,ejoretp8@smh.com.au
Armytage,Ashley,0513 Stone Corner Center,aarmytagep9@indiatimes.com
Czaple,Editha,927 Myrtle Terrace,eczaplepa@smugmug.com
Sutch,Blair,1 Oakridge Point,bsutchpb@sciencedaily.com
Issitt,Anton,3569 Emmet Terrace,aissittpc@1688.com
Beidebeke,Juline,04284 Hintze Hill,jbeidebekepd@gnu.org
Barbrook,Mary,2 Texas Parkway,mbarbrookpe@elpais.com
Asty,Karlotte,8597 Comanche Court,kastypf@phpbb.com
Lawes,Felice,76 Cottonwood Avenue,flawespg@linkedin.com
Jannings,Berkie,436 Pennsylvania Center,bjanningsph@freewebs.com
Gittus,Anjela,614 John Wall Way,agittuspi@nymag.com
Allenson,Alejandro,5961 Rutledge Terrace,aallensonpj@ask.com
Bullar,Kincaid,53475 Golden Leaf Place,kbullarpk@etsy.com
Cregg,Milly,4295 Holy Cross Road,mcreggpl@stumbleupon.com
Kew,Adriaens,3259 Jackson Junction,akewpm@skype.com
Forcer,Dannie,76 Gerald Circle,dforcerpn@webmd.com
Martlew,Rhodie,9997 Lyons Plaza,rmartlewpo@infoseek.co.jp
Hannan,La verne,833 Marquette Park,lhannanpp@columbia.edu
Stoakley,Erny,00 Eggendart Place,estoakleypq@bandcamp.com
Vousden,Betsey,033 Del Mar Hill,bvousdenpr@friendfeed.com
Gallichan,Dania,48 Westridge Road,dgallichanps@constantcontact.com
Meagh,Gnni,20 Northridge Crossing,gmeaghpt@vk.com
Gommes,Bartolemo,9713 Sugar Alley,bgommespu@nymag.com
Gleder,Rabi,78840 Judy Place,rglederpv@ucoz.ru
Collie,Guthrey,9 Hallows Center,gcolliepw@ask.com
Richt,Karrah,8 Pennsylvania Alley,krichtpx@google.nl
Schneider,Sutherlan,67 Mayer Parkway,sschneiderpy@pagesperso-orange.fr
Muldowney,Chane,7 Sycamore Pass,cmuldowneypz@wordpress.org
Lamb-shine,Clarice,68 Bowman Trail,clambshineq0@comsenz.com
Cassius,Basilius,5 Morningstar Way,bcassiusq1@dedecms.com
Holligan,Magdalene,8717 Lake View Alley,mholliganq2@blog.com
Drayton,Blythe,716 Brentwood Street,bdraytonq3@princeton.edu
Greatbank,Crin,40993 Green Ridge Way,cgreatbankq4@nps.gov
Giraudou,Cecily,9135 Lerdahl Road,cgiraudouq5@reference.com
Langfield,Sidnee,154 Eastlawn Terrace,slangfieldq6@qq.com
Ruggles,Birch,00328 Northridge Hill,brugglesq7@friendfeed.com
Towers,Timoteo,07 8th Hill,ttowersq8@wsj.com
Osgarby,Neile,975 Ridgeway Place,nosgarbyq9@odnoklassniki.ru
Jerg,Norbert,48205 Buhler Hill,njergqa@de.vu
Heball,Louisa,86797 Eastwood Drive,lheballqb@elpais.com
Brailey,Angele,97 Portage Center,abraileyqc@biglobe.ne.jp
Scowcroft,Gran,82 Blaine Hill,gscowcroftqd@washington.edu
Wooland,Maurita,203 John Wall Court,mwoolandqe@acquirethisname.com
Forty,Catriona,32536 Holmberg Hill,cfortyqf@un.org
Jurek,Carry,3 Eastwood Park,cjurekqg@washingtonpost.com
Brandel,Mort,83472 Jenifer Lane,mbrandelqh@reverbnation.com
Garralts,Stephanie,19620 Forest Run Drive,sgarraltsqi@nydailynews.com
Gratrix,Gregg,2686 Anderson Terrace,ggratrixqj@wikimedia.org
Nunns,Conrade,1 Holy Cross Terrace,cnunnsqk@cisco.com
Barton,Cassandra,43 Delladonna Center,cbartonql@webeden.co.uk
Pawlata,Hortense,0591 Dottie Court,hpawlataqm@seesaa.net
Boshell,Jdavie,74 Maple Wood Way,jboshellqn@purevolume.com
Ick,Willow,719 Golf Point,wickqo@list-manage.com
Sausman,Dorian,54 Brickson Park Drive,dsausmanqp@timesonline.co.uk
Charsley,Boothe,5 Reindahl Junction,bcharsleyqq@harvard.edu
Learmonth,Bethena,735 Elmside Place,blearmonthqr@apache.org
Mallows,Tani,567 Everett Plaza,tmallowsqs@reference.com
Martyn,Boothe,6791 Corben Alley,bmartynqt@ucoz.ru
Hagwood,Northrop,85 Melrose Drive,nhagwoodqu@123-reg.co.uk
Kirkwood,Jolyn,644 Coleman Plaza,jkirkwoodqv@amazon.de
Desborough,Desiree,32157 Mcguire Road,ddesboroughqw@dell.com
D'Alesio,Lorna,0443 Jenna Junction,ldalesioqx@uiuc.edu
Coleson,Latashia,9633 Marcy Pass,lcolesonqy@discuz.net
Dennett,Leonora,933 Lyons Crossing,ldennettqz@godaddy.com
Affron,Stefanie,907 Manley Drive,saffronr0@army.mil
Churchman,Emelita,11 Derek Junction,echurchmanr1@sun.com
Scarre,Tonye,1 Elmside Court,tscarrer2@shareasale.com
Brockwell,Cinderella,831 Vera Center,cbrockwellr3@princeton.edu
Colin,Gilberta,2 Mallory Park,gcolinr4@bloomberg.com
Fery,Lorrin,45 Mockingbird Circle,lferyr5@dion.ne.jp
Churms,Quintin,38 Pearson Trail,qchurmsr6@stumbleupon.com
Esherwood,Russell,25082 Pankratz Drive,resherwoodr7@de.vu
Annes,Vladimir,350 Golf View Place,vannesr8@slideshare.net
Arkill,Grace,06 Maple Court,garkillr9@bloglines.com
Sarrell,Winny,96485 Dapin Hill,wsarrellra@paginegialle.it
Atkyns,Liane,98165 Karstens Plaza,latkynsrb@va.gov
Snare,Elroy,134 Golf Course Road,esnarerc@github.com
Cansfield,Trina,43891 Ronald Regan Hill,tcansfieldrd@deviantart.com
Burstow,Rikki,3 Mallard Drive,rburstowre@bluehost.com
Garlicke,Sande,5830 Ohio Parkway,sgarlickerf@netscape.com
Sands,Nady,03 Londonderry Circle,nsandsrg@nhs.uk
Fache,Dulci,2481 Arrowood Place,dfacherh@wiley.com
Melson,Eberto,5 Continental Trail,emelsonri@ow.ly
de Vaen,Nestor,37706 Caliangt Hill,ndevaenrj@ehow.com
Coda,Rudolph,4535 Fairview Way,rcodark@51.la
Pyford,Darrell,10 Columbus Circle,dpyfordrl@tiny.cc
Frarey,Gerry,38 Village Trail,gfrareyrm@ucla.edu
Gerritzen,Raff,7 Park Meadow Street,rgerritzenrn@google.com.au
Cardno,Matty,371 Westerfield Trail,mcardnoro@twitter.com
Perell,Netti,29268 Hermina Place,nperellrp@japanpost.jp
Freiberg,Deina,55268 Sloan Drive,dfreibergrq@sphinn.com
Dureden,Geraldine,86120 Lillian Lane,gduredenrr@timesonline.co.uk
